BOM ID Number,Total Cost,Part Name,Functional Description
1,$10.58 ,Soldering Iron Kit,"Durable equipment used to heat-set M4 threaded inserts into 3D-printed router-sled jigs, enabling repeatable clamp installation and safe, rapid reconfiguration of fixtures across batches; long-life tool asset that preserves interchangeability. 80W 110V Fast Heat up in 10s LCD Digital Adjustable Temperature Soldering Gun Thermostatic "
2,$19.16 ,Respirator Cartridge/Filter ,"Replaceable respiratory filters that protect the operator from organic vapors, acid gases, and particulates during cutting/laser/finishing; low-cost consumables stocked and rotated to maintain safe, continuous operations. 3M P100 60923, 1 Pair, NIOSH Approved, Helps Protect Against Organic Vapors, Acid Gases, and Particulates, Magenta, Yellow"
3,$34.97 ,Reusable Respirator Half Facepiece,"Reusable PPE that seals to the face and, paired with cartridges, protects lungs during dusty/fume-generating processes; durable equipment with multi-year service supporting sustained production sessions. 3M, 7502, NIOSH, 3M Cool Flow Valve, Dual Airline Supplied Air Compatible, Integrated Dropdown Suspension, Bayonet Connections, For Chemical Handling, Painting, Med"
4,$19.16 ,Respirator Cartridge/Filter ,"Replaceable respiratory filters that protect the operator from organic vapors, acid gases, and particulates during cutting/laser/finishing; low-cost consumables stocked and rotated to maintain safe, continuous operations. 3M P100 60923, 1 Pair, NIOSH Approved, Helps Protect Against Organic Vapors, Acid Gases, and Particulates, Magenta, Yellow"
5,$9.05 , M4 Phillips Pan Head Machine Screws Washers Nuts Assortment Kit,"Fasteners embedded in 3D-printed fixtures to mount clamps and hardware; expendable supplies that enable repeatable workholding and reduce rework from part movement. 390Pcs M4 x 5mm /6mm /8mm /10mm /12mm /16mm /20mm, Metric 304 Stainless Steel Pan Head Fully Machine Thread Screws Bolts"
6,$9.52 ,M4 Heat Set Inserts,"Threaded inserts installed by heat into printed parts to provide durable M4 threads for clamps/fixtures; recurring supplies that keep jigs modular and interchangeable. Metric knurled Nuts Brass Heat Set Insert for Plastic Parts,Insert by Heat into 3D Printing Components (M4xL6xD6). Ktehloy 100Pcs "
7,$12.71 , M2 M2.5 Threaded Inserts for Plastic with Heat Set Tips,"Fine-thread inserts for small printed gauges/fixtures; expendable supplies extending modularity to light tooling and inspection aids. 300 Pcs, M2 & M2.5 Heat Set Inserts Kit,Brass Inserts for 3D Pringting"
8,$10.07 ,Toggle Clamp,"Reusable quick-release clamps that deliver consistent holding force on router-sled workpieces; tooling hardware that improves safety, throughput, and cut quality. POWERTEC 4PK, 60 lbs Holding Capacity, 201 Quick Release Horizontal Clamps w/ Antislip Rubber Pressure Tip for Woodworking Jigs and Fixtures, Welding, Drill Press, Crosscut Sled (20321)"
9,$9.50 ,Rubber Bands,"Stretch bands applied during glue-up to provide uniform pressure on curved faces of spherical forms; low-cost consumables that supplement clamps during cure and are replaced as they wear.  40 Pcs size#105 Big black rubber band large Elastic Band rubber bands office supplies Heavy Duty wide Strong Elastic bands Outdoor (5.12"" x 0.6""). HAIDIBAO-"
10,$6.03 ,Dispensing Needle Tips,"Fine-bore applicators used during alignment-pin bonding to place adhesive precisely in small holes on ribs and keystones; low-cost wear items treated as disposable assembly consumables. PATIKIL 16Ga x 1.5 Inch. 10Pcs Stainless Steel and Plastic Glue Needle Tube Blunt Tips with Luer Lock for Glue Oil Applicator, Gray"
11,$24.16 ,Roundover Router Bit Set,"Edge-forming cutters used to add a controlled radius to ornamental ribs; cutting tools subject to wear and managed as consumable tooling for design detailing. SICWOOD 6pcs,  Round Over Router Bits 1/4 Shank with 6 Bearings 3/8"", Carbide Corner Rounding Edge-Forming Bit, for Round Over Beading, for Rounding Trim..."
12,$179.14 ,Router,"Primary edge-profiling machine enabling consistent radius and decorative cuts on ribs; durable equipment with multi-batch utility that lifts throughput and finish quality. DEWALT, Fixed Base, 1-1/4 HP, 7.7-Amp, Variable Speed Trigger, Corded (DWP611)"
13,$30.73 ,Trapezoid Table Legs,"Structural components to build a stable router table at the required height for the enclosure; durable fixture furniture that improves repeatability and safety. ALXEH 8 Inch, DIY Furniture Metal Legs for Coffee Table, Bench Stool Cabinet Furniture Feet - Set of 2,  Black"
14,$7.26 ,Rubber Bands,"Elastic bands applied during glue-up to deliver uniform pressure across spherical forms; inexpensive consumables replaced routinely as they lose tension.  Size #94 (3 1/2'' x 3/4''), Wide Thick Large Strong Heavy Duty Rubber Bands for Office, Home, School, Industrial, Hunting, Outdoor Camping Survival, 25 Pack"
15,$8.00 ,Rubber Bands ,"Smaller elastic bands for targeted clamping on curved surfaces during glue-up; routine consumables that supplement mechanical clamps. Size #82 (2 1/2'' x 1/2''), 50 Pcs Wide Small Thick Strong Heavy Duty Rubber Bands Heat Cold UV Resistant for Hunting Hiking Camping Survival"
16,$26.49 ,Glass Storage Containers With Lids,"High-temperature vessels used to maintain controlled water baths (?195–200 °F) for conditioning ribs, promoting uniform lignin softening and reducing bend defects; durable process hardware reused across batches. Moss & Stone Extra Large. Set of 3, 101 Oz/ 54 Oz/ 16 Oz, Deep Rectangular Glass Food Container with Lid, Leak Proof, Microwave, Dishwasher & Oven Safe"
17,$63.08 ,"Wood Sheets Thin Lumber,  Walnut ",Direct material stock laser-cut into serialized ribs for subsequent conditioning and shaping; fully consumed into product and tracked in COGS. Black Dark Unfinished Board for Crafts - Pack of 5 by Craftiff
18,$34.95 ,Digital Electronic Level and Angle Gauge,"Setup and verification instrument used to set the disc-sander lever angle so every rib edge matches the required curvature; durable measuring tool that improves interchangeability and reduces rework. Klein Tools 935DAG, Measures 0 - 90 and 0 - 180 Degree Ranges, Measures and Sets Angles "
19,$25.75 ,Strapping Band Coil ,"Banding used to prototype a shaping mechanism that applies uniform pressure around bent forms; consumable fixture material embedded in builds and replaced as concepts evolve. MOUNTAIN_ARK 304 Stainless Steel, 1/2"" x 95' Roll, Packing Tensioner Strap"
20,$30.73 ,Wire Rope Equipped with Crimping Pliers,"Stainless cable and crimp hardware used to prototype a steam-bending/shaping rig; prototype fixture material largely consumed or altered during trials. BKMAMLAB, 1/16 Wire Rope, Aircraft Cable,304 Stainless Steel Cable,7x7 Strand Core 196FT,368lbs Breaking Strength"
21,$7.41 ,Hose Clamp Adjustable,"Low-cost clamps incorporated into prototype bending fixtures to secure bands and transfer load; treated as expendable supplies during iteration. NEBURORA 5 Inch,  304 Stainless Steel Duct Clamp 4 Pack Worm Gear Clamps 4.6""-5.4"" Diameter Fuel Line Hose Pipe Clamp for Dryer Vent Air Duct Automotive Plumb"
22,$63.08 ,"Wood Sheets Thin Lumber,  Walnut ",Direct material stock laser-cut into serialized ribs for subsequent conditioning and shaping; fully consumed into product and tracked in COGS. Black Dark Unfinished Board for Crafts - Pack of 5 by Craftiff
23,$23.28 ,Wall/Ceiling Mount Single Pulleys,"Redirect hardware for prototype bending rig to change cable force direction; inexpensive parts expensed into prototype fixtures. National Hardware N233-247 3219BC, Zinc, 1-1/2 in."
24,$21.60 ,Flapwheel Sander,"Abrasive used to remove streaks/roughness before finishing; wear item consumed during surface prep to improve coating quality. Dremel 502 3/8"", 80 Grit "
25,$14.83 ,Dish Drying Mat,"Absorbent mat to capture pooled water around steamer during conditioning; protective pad replaced as it wears.  XL, 18"" x 24"", Absorbent Microfiber Kitchen Counter Mat, Dish Drying Pad for Dishes, Utensils, Pots and Pans, Extra Large, Black, S&T INC. "
26,$21.73 ,Cordless Mini Drill Pen ,"Small hand drill for making holes in printed jigs/fixtures and light wood tasks; durable hand tool with multi-year utility. 3-Speed , 8 Small Drill Bits,Rechargeable Electric Hand Drill Pin Vise,Resin Drill Set For Jewelry Making,Resin,Plastic,Wood,Keychains DIY (BLUE)"
27,$12.71 ,Mini Drill Press Vise Clamp ,"General-purpose workholding for bench operations; reusable fixture that stabilizes parts and improves safety and repeatability. Yakamoz Universal , Table Bench Vice for Jewelry Walnut Nuclear Watch Repairing Clip On DIY Sculpture Craft Carving Bed Tool"
28,$39.20 ,Vacuum Hose,"Replacement dust-extraction hose mounted to enclosure for internal cleanup without opening the cabinet; maintenance/consumable part. Tolxh #NA116542 , N916405, DCV501 DCV501HB DCV501LN , Quality Durable New Replacement Parts For DEWALT"
29,$34.97 ,Glass Meal Prep Containers,"Heat-safe vessels to maintain controlled water baths (~195–200 °F) for rib conditioning; reusable process hardware. VERONES 10 Pack, Airtight Glass Lunch Containers, Stackable Glass Food Storage Containers Set with Lids, Exclusive of BPA for Microwave, Oven,  Freezer & Dishwasher, Grey "
30,$22.25 ,Energy Monitoring Smart Plug,"Monitors machine energy use and schedules loads; durable monitoring device used continuously. Emporia WiFi Smart Outlet Plug Works with Alexa and Google Home - 15a WiFi Outlet with Timer, Mobile App, Home Energy Monitor, Scheduling - 2.4ghz WiFi Only (2 Pack)"
31,$14.83 ,Extension Cord ,"Power distribution with surge/noise protection to stabilize voltage and prevent brownout-related interruptions. 10 ft - Long Power Strip Surge Protector, 6 AC Outlet 4 USB (2 USB C), Flat Plug, Wall Mount, Multi Plug Outlet Extender Desk Charging Station for Home Office Dorm Room Essentials"
32,$20.12 ,Outdoor Christmas Lights,"Low-cost decorative lights for tree used in design/fit validation photos and displays; expendable test decor. TW SHINE Warm White, 20FT 100 Count Incandescent Christmas Light Indoor, Waterproof Christmas Tree String Lights for Xmas Decorations "
33,$53.52 ,Christmas Tree,"Reusable validation fixture to hang/arrange ornaments during functional/operational checks and presentation testing. National Tree Company Artificial, Full, Green, North Valley Spruce, Includes Stand, 7.5 Feet"
34,$22.25 ,Energy Monitoring Smart Plug,"Monitors machine energy use and schedules loads; durable monitoring device used continuously. Emporia WiFi Smart Outlet Plug Works with Alexa and Google Home - 15a WiFi Outlet with Timer, Mobile App, Home Energy Monitor, Scheduling - 2.4ghz WiFi Only (2 Pack)"
35,$14.83 ,Extension Cord ,"Power distribution with surge/noise protection to stabilize voltage and prevent brownout-related interruptions. 10 ft - Long Power Strip Surge Protector, 6 AC Outlet 4 USB (2 USB C), Flat Plug, Wall Mount, Multi Plug Outlet Extender Desk Charging Station for Home Office Dorm Room Essentials"
36,$14.51 ,T Slot End Mill Milling Cutter ,"Undercut cutter for CNC wood operations not supplied with the machine; consumable tooling subject to wear. HARFINGTON, 4mm Cutting 1.5mm Depth 4mm Shank Solid Carbide Titanium Coated 4 Flutes for Stainless Steel Alloy"
37,$14.83 ,Foam Tape ,"Adhesive tape used to cover and seal enclosure edges for cleaner appearance and minor light leaks; consumed in use. COUMENO 2 Pack, 1.77inX16.4FT Sealing Strip Foam Pad Sponge Tape Window Weatherproof, Self-Adhesive Insulation Sealing Black"
38,$29.66 ,Extension Cord ,"Power distribution with surge/noise protection to stabilize voltage and prevent brownout-related interruptions. 10 ft - Long Power Strip Surge Protector, 6 AC Outlet 4 USB (2 USB C), Flat Plug, Wall Mount, Multi Plug Outlet Extender Desk Charging Station for Home Office Dorm Room Essentials"
39,$36.02 ,Mini Combo Miter Saw Set,"Compact saw for precise, repeatable cuts on keystones/turning stock used in CNC and assembly; long-life cutting machine."
40,$8.77 ,Hook and Loop Strips,"Adhesive hook-and-loop used to seal enclosure doors and block dust escape; expendable fastening material replaced as needed to maintain safe, clean operations. Navona 30Ft x 1 Inch,  Adhesive - Double Rolls of Heavy-Duty Self-Adhesive Tape with Backing, Hook and Loop Tape for Home, Office, School, and Crafting, Black"
41,$12.69 ,Lock Mandrel,"Small rotary-tool mandrel that holds finishing bits for precise touch-up on ribs/keystones; wear accessory treated as consumable tooling for surface prep before coating. Dremel EZ402 EZ, 1/8 inch (3.2mm) Shank Rotary Tool Accessory Mandrel "
42,$38.15 ,Vacuum Hose,"Replacement dust-extraction hose mounted to enclosure for internal cleanup without opening the cabinet; maintenance/consumable part. Tolxh #NA116542 , N916405, DCV501 DCV501HB DCV501LN , Quality Durable New Replacement Parts For DEWALT"
43,$31.78 ,Extension Cord ,"Power distribution with surge/noise protection to stabilize voltage and prevent brownout-related interruptions. 10 ft - Long Power Strip Surge Protector, 6 AC Outlet 4 USB (2 USB C), Flat Plug, Wall Mount, Multi Plug Outlet Extender Desk Charging Station for Home Office Dorm Room Essentials"
44,$33.90 ,"Wood Sheets Thin Lumber,  Walnut ","Direct material stock laser-cut into serialized ribs; fully consumed into product and included in COGS. Pack of 4 Walnut Wood 6 x 15 Inch Walnut Boards 0.16""(4mm) Thick Unfinished Board for Crafts, Laser Engraving  "
45,$16.95 ,"Wood Sheets Thin Lumber,  Walnut ","Direct material stock laser-cut into serialized ribs; fully consumed into product and included in COGS. Pack of 4 Walnut Wood 6 x 15 Inch Walnut Boards 0.16""(4mm) Thick Unfinished Board for Crafts, Laser Engraving  "
46,$15.52 ,Vacuum Hose ,"Maintenance replacement hose for enclosure dust extraction; not a new asset. Replacement, DeWalt N445803, Assembly - For DCV517B / DCV517M1"
47,$21.18 ,Led Strip Lights ,"Additional installed task lighting for complete work-area illumination; reusable fixture. GXILEE, 5v COB , USB Powered 6000k Cool White CRI93+ 6ft Led Tape Light with Dimmer. 10W/2meter Flexible & Dimmable COB Strips for Sewing Machine Bedroom Cabinet DIY Lighting Décor"
48,$34.97 ,One-Handed Mini Bar Clamp,"Durable clamps to secure 3D-printed molds to ribs during shaping, reducing shift/misalignment and spring-back risk. IRWIN QUICK-GRIP 1964758. 4 Pack, 6"""
49,$212.99 ,"PROXXON Disk Sander TG 125/E, 37060 , Green",Bench sander used to remove/true surfaces on woodforms as part of shaping and pre-finish prep; capital tool with multi-year use.
50,$166.37 ,Dynamat Xtreme Sound Deadening Car Insulation,"Adhesive acoustic lining installed in enclosure to reduce saw/vac noise and meet apartment quiet-hour constraints; expendable shop supply consumed at install. Easy Self Adhesive Install - Made in USA - 8 Sheets 18""x18"", 18 sq ft Total. Squared 18 Pack"
51,$10.59 ,Led Strip Lights ,"Additional installed task lighting for complete work-area illumination; reusable fixture. GXILEE, 5v COB , USB Powered 6000k Cool White CRI93+ 6ft Led Tape Light with Dimmer. 10W/2meter Flexible & Dimmable COB Strips for Sewing Machine Bedroom Cabinet DIY Lighting Décor"
52,$56.18 ,Heavy Duty Anti Vibration Pad Sound Absorbing Mat ,"Reusable pads that damp laser/CNC vibration on dowels and planks to improve dimensional accuracy during engraving/cutting. 19.7 x 19.7 Inc , Goodhoily 2 Pack, Rubber Vibration Pad for Washer, Dryer, Audio Equipment, Strength Training Equipment Mat"
53,$158.98 ,Apple AirTag 4 Pack,Durable trackers placed in mobile racks/cabinets for security and asset tracking; reused across operations.
54,$44.50 ,Energy Monitoring Smart Plug,"Monitors machine energy use and schedules loads; durable monitoring device used continuously. Emporia WiFi Smart Outlet Plug Works with Alexa and Google Home - 15a WiFi Outlet with Timer, Mobile App, Home Energy Monitor, Scheduling - 2.4ghz WiFi Only (2 Pack)"
55,$153.34 ,Shop Vacuum Wet and Dry,"High-suction, low-noise dust collector paired with cyclone to keep particulates contained while meeting noise limits; long-life equipment. DEWALT 5 Gallon STEALTHSONIC, Powerful Suction & Portable Shop Vac with Attachments, Ultra Quiet Wet Dry Vacuum for Home, Garage, Car, Workshop, Jobsite, DXV05S-QT, 4 Peak HP"
56,$0.00 ,Lockscreen ad removal,One-time service fee that improves controller tablet usability; no standalone asset created. : applied automatically when device is activated.
57,$42.39 ,Amazon Fire HD 10 Tablet Protective Cover,"Long-life protective case that extends service life of the CNC controller tablet.  (Only compatible with 13th generation tablet, 2023 release) - Black"
58,$90.09 ,"Amazon Fire HD 10.1"" tablet ","Tablet used as CNC controller/interface; computing device with multi-period benefit supporting precision cut operations. Built for relaxation, 10.1"" vibrant Full HD screen, octa-core processor, 3 GB RAM, 32 GB, Black"
59,$14.83 ,"Clear-Tite Contact Cement, 4 oz. can ",Fast-curing adhesive for critical bond surfaces on ribs/fixtures; consumable used during assembly to reduce takt and improve integrity. Manufactured by RH Adhesives
60,$37.84 ,"Custom Cut Plexiglass Sheet Cut to Size-Clear Acrylic Sheet 1/8"" (3mm) Thick","Clear viewing panel installed on enclosure for dust containment with visual access; permanent infrastructure improvement.  Flat Edges and Protective Film, for DIY Craft Projects,& Table Top Signs by Fab Glass, and Mirror"
61,$333.89 ,Workbench,"Heavy-duty bench supporting three woodworking enclosures; durable workstation that increases safety and throughput.  2000 Lb Capacity, Seville Classics UltraHD 72"" W X 25"" D, Wood Top Height Adjustable "
62,$9.20 ,Supmedic Medical Nitrile Exam Gloves,"Disposable PPE for chemical/adhesive handling during processing and assembly; consumed in normal use. , Latex-Free, Powder-Free, Food Safe, Cooking Food Prep, Disposable Gloves, Blue, 100 Pcs (Large)"
63,$69.95 ,Creality Space Pi Filament Dryer,"Reusable dryer/storage that keeps 3D-printing filament dry for consistent, accurate prints that feed jig/fixture production. , Filament Storage Box, Upgraded Double 360° Heating Drying with Fan&Touch Screen, 3D Printer Filament Spool Holder, Dehydrator 1.75/2.85/3mm PLA PETG ABS TPU Nylon"
64,"$3,125.94 ",Carvera Air Desktop CNC Machine with 4th Axis,"Compact CNC used to drill precision holes and perform dimensional cuts, delivering sustained productivity gains. Compact Enclosed Mini CNC Router, Quick Tool Changer, Closed-Loop Control, Beginner-Friendly CAM Software for Milling, Cutting, Engraving, DIY, Crafts"
65,$4.23 ,Adhesive with Precision Tips,"Precision adhesive used to mount power strips to enclosure walls; expendable mounting supply consumed during installation to free floor space and maintain orderly, dust-safe interiors. 1.0 fl oz capacity. E6000 231020 "
66,$6.13 ,Brass Mini Brushes,"Small maintenance brushes to clean heated insert tips used for 3D-printed jig assembly; low-cost upkeep supply that restores tool effectiveness. Amazon Basics.  for Cleaning, Soft Grip, 1/2 in, Yellow/Grey, 3-Pack"
67,$22.95 ,Decibel Meter,Reusable instrument for verifying machine sound levels against apartment constraints; supports safe operations and scheduling. Tadeto Digital Sound Level Meter Portable SPL Meter 30dB to 130dB MAX Data Hold with LCD Display Backlight A/C Weighted for Home Factories
68,$37.84 ,"Custom Cut Plexiglass Sheet Cut to Size-Clear Acrylic Sheet 1/8"" (3mm) Thick","Clear viewing panel installed on enclosure for dust containment with visual access; permanent infrastructure improvement.  Flat Edges and Protective Film, for DIY Craft Projects,& Table Top Signs by Fab Glass, and Mirror"
69,$101.01 ,3D Printer Multifunctional Enclosure Paint Spray Booth ,Reusable enclosures with filtration and glove ports to contain dust during cutting/sanding; modified for soundproofing and visibility. with Exhaust Fan Filter System Ventilation with Adjustable Speed Control Power Adapter for Resin 3D Printer Painting Polishing Model
70,$7.41 ,USB Fan,"Dedicated airflow assist inside laser enclosure to guide particulates toward exhaust; durable accessory tied to enclosure.  Mini but Powerful, Portable with 3 Speeds, Quiet Table Personal Fan, 360 Rotate Coolness, Small for Home, Office, Bedroom, Desktop, Travel, USB Powered, Black, Desk "
71,$21.19 ,Powered USB Hub,"Stable power/data distribution for laser controller board; reusable electronic accessory preventing resets and comms faults. , RSHTECH 4 Port USB 3.0 Hub Splitter Portable Aluminum USB Data Hub Expander with Individual On/Off Switch and Universal 5V AC Adapter, 3.3ft USB 3.0 Cable (RSH-516)"
72,$7.37 ,"Plastic Squeeze Bottles 1.5"" Stainless Applicators",Fine-tip glue applicators for bonding alignment pins in ribs/keystones; disposable assembly consumables that improve precision. Liberty Products 2-1oz applicators.
73,$22.25 ,Energy Monitoring Smart Plug,"Monitors machine energy use and schedules loads; durable monitoring device used continuously. Emporia WiFi Smart Outlet Plug Works with Alexa and Google Home - 15a WiFi Outlet with Timer, Mobile App, Home Energy Monitor, Scheduling - 2.4ghz WiFi Only (2 Pack)"
74,$11.01 ,Professional Acrylic Plexiglass Sheet Cutter Scoring Knife Tool,"Hand tool to cut/trim plexiglass panels to enclosure window specs; durable tool with replaceable blades. With a Curved Handle,It Is More Convenient To Use.One handle,11 blades.(Yellow)"
75,$31.79 ,Clip Holder Chalkboard Sign,"Low-cost clips adapted as rib hangers for drying after shellac dips; treated as shop supplies consumed over time. Rotating Clips Plastic Sign Erasable Blackboard Double Head Holder for Supermarket Store Merchandise Shelf(Black). DoubleFill 30 Set,  Price Tag Display "
76,$89.00 ,Energy Monitoring Smart Plug,"Monitors machine energy use and schedules loads; durable monitoring device used continuously. Emporia WiFi Smart Outlet Plug Works with Alexa and Google Home - 15a WiFi Outlet with Timer, Mobile App, Home Energy Monitor, Scheduling - 2.4ghz WiFi Only (2 Pack)"
77,$48.55 ,Ink Cartridge Set,"Printing consumables used for routine business labels/records; expensed in normal operations. Brother Genuine LC3011BK, LC30113PKS, LC3011, Standard Yield Black/Cyan/Magenta/Yellow "
78,$15.77 ,"Wood Sheets Thin Lumber,  Walnut ",Direct material stock laser-cut into serialized ribs; fully consumed into product (COGS). Black Dark Unfinished Board for Crafts - Pack of 5 by Craftiff
79,$66.65 ,Water Distiller,"Reusable unit producing mineral-free water for moisture conditioning and shellac mixing; enables controlled process conditions. VEVOR  1.1 Gal Distilled Water Machine, 750W Pure Water Distilling w/BPA Free Plastic Container, Water Distillation Kit w/Button, Countertop Distilled Water Maker for Home, White"
80,$17.36 ,Anti-Static Clear Protective Film,"Disposable film applied to plexiglass to minimize dust adhesion and improve visibility without opening enclosures. 8 cm wide, Watch Clock, Jewelry Protector Tape, Antistatic Film"
81,$36.02 ,Baby Sleep Soother,"Integrated vibration source for shaker bar that accelerates drip-off and drying of freshly dipped ribs; durable component of assembly/finishing setup. Vibrating Mattress Pad Sleep Soother, 3 Vibration Intensities and 3 Vibration Modes,Type-C Fast Charging 1 Hour Cut-Off Timer"
82,$75.68 ,"Custom Cut Plexiglass Sheet Cut to Size-Clear Acrylic Sheet 1/8"" (3mm) Thick","Clear viewing panel installed on enclosure for dust containment with visual access; permanent infrastructure improvement.  Flat Edges and Protective Film, for DIY Craft Projects,& Table Top Signs by Fab Glass, and Mirror"
83,$71.49 ,Oil Spill Mat,"Protective absorbent pad under shellac dipping area to contain accidental spills; treated as operating supply. TREETONE, 7.4 x 8.4 Ft, Premium Absorbent Oil Pad. Contains Liquids, Protects Garage Floor from Spills, Drips, Splashes and Stains. Washable, Reusable, Waterproof Rubber Parking Mats"
84,$50.88 ,Heavy Duty Anti Vibration Pad Sound Absorbing Mat ,"Reusable damping pad that reduces vibration during engraving/cutting of planks for tighter dimensional accuracy. Goodhoily, 24"" x 24"", 3/5"" Goodhoily 2 Pack, Rubber Vibration Pad for Washer, Dryer, Audio Equipment, Strength Training Equipment Mat"
85,$95.36 ,3D Printer Multifunctional Enclosure Paint Spray Booth ,Reusable enclosures with filtration and glove ports to contain dust during cutting/sanding; modified for soundproofing and visibility. with Exhaust Fan Filter System Ventilation with Adjustable Speed Control Power Adapter for Resin 3D Printer Painting Polishing Model
86,$50.88 ,Heavy Duty Anti Vibration Pad Sound Absorbing Mat ,"Reusable damping pad that reduces vibration during engraving/cutting of planks for tighter dimensional accuracy. Goodhoily, 24"" x 24"", 3/5"" Goodhoily 2 Pack, Rubber Vibration Pad for Washer, Dryer, Audio Equipment, Strength Training Equipment Mat"
87,$21.19 ,LED Strip Lights,"Installed enclosure lighting to ensure full visibility during operations; multi-period reusable fixture powered by USB. Govee White,  Upgraded 16.4ft Dimmable LED Light Strip 6500K Bright Daylight White, Strong Adhesive, 300 LEDs Flexible Tape Lights for Mirror, Kitchen Cabinet, Bedroom, Christmas Decor "
88,$95.36 ,3D Printer Multifunctional Enclosure Paint Spray Booth ,Reusable enclosures with filtration and glove ports to contain dust during cutting/sanding; modified for soundproofing and visibility. with Exhaust Fan Filter System Ventilation with Adjustable Speed Control Power Adapter for Resin 3D Printer Painting Polishing Model
89,$9.53 ,99% Isopropyl Alcohol ,"Shellac solvent used up during finishing; supports rapid, repeatable coating prep and drying. ForPro Professional Collection , (IPA), Pure & Unadulterated Concentrated Alcohol, 32 Fl Oz (960ml)"
90,$84.79 ,Ring Light,"Adjustable inspection/recording light to standardize photo/record quality for QC and documentation. Evershop , Has Stand Overhead Camera Mount Phone Holder,10"" Ring Light Tripod for iPhone,Circle Led Selfie Light Halo Light for Video Recording,Photography,Streaming,Vlog,TikTok,YouTube"
91,$244.79 ,One-Handed Mini Bar Clamp,"Durable clamps to secure 3D-printed molds to ribs during shaping, reducing shift/misalignment and spring-back risk. IRWIN QUICK-GRIP 1964758. 4 Pack, 6"""
92,$244.79 ,One-Handed Mini Bar Clamp,"Durable clamps to secure 3D-printed molds to ribs during shaping, reducing shift/misalignment and spring-back risk. IRWIN QUICK-GRIP 1964758. 4 Pack, 6"""
93,$34.97 ,One-Handed Mini Bar Clamp,"Durable clamps to secure 3D-printed molds to ribs during shaping, reducing shift/misalignment and spring-back risk. IRWIN QUICK-GRIP 1964758. 4 Pack, 6"""
94,$83.66 , Stackable Double Tier for Electric Food Steamer,"Reusable accessory increasing steam capacity per cycle to condition more ribs simultaneously. BUYDEEM A501, 18/8 Stainless Steel Tray & Handles, Suitable for G563 One-Touch Vegetable Food Steamer, 11 * 4 Inch"
95,$230.08 ,5-Quart Electric Food Steamer,"Primary steaming appliance delivering controlled high-temp plasticization of wood; long-life process equipment. BUYDEEM G553, For Cooking, One Touch Vegetable Steamer, Digital Multifunctional Steamer, Quick Steam in 60s, Stainless Steel Steamer Tray, No Stew Pots Included"
96,$29.66 ,USB Fan,"Auxiliary airflow inside laser enclosure to guide fumes/dust toward exhaust; dedicated enclosure equipment. AC Infinity MULTIFAN S3, Quiet 120mm , UL-Certified for Receiver DVR PlayStation Xbox Computer Cabinet Cooling"
97,$10.59 ,Furniture Caster Cups,"Stabilizers that reduce motion/vibration of rolling cabinets holding laser/3D printer, improving cut accuracy and safety. Non Slip Rectangle, 2.9""x2.3"" Non Skid Furniture Pads for Hardwoods Floors, 4 Pcs Silicone Furniture Coasters, Bed Couch Wheel Stoppers to Prevent Sliding and Scratche (Black) "
98,$418.70 ,Dust Collection Boom Arm,"Durable dust-collection arm and cyclone to capture fine particulates from bench tools, preventing spread into living areas. Mullet ThirdHand  (Boom Arm + Cyclone)"
99,$392.07 ,Single Monitor Desk Mount,"Heavy-duty arm freeing bench space and improving ergonomics for CAD/CAM and machine control; long-lived workstation asset. Ergotron - HX HD Premium Heavy Duty Gaming Monitor Arm for 1000R Curved Ultrawide Monitors Up to 49 Inches, 28 to 42 lbs, VESA 75x75mm or 100x100mm - HD Pivot, Matte Black"
100,$24.37 ,Floor Cord Cover ,"Durable protector over 10-ft surge-protector cord to reduce trip risk and cable damage in production area. Anbotek, Small 1 Piece, Cord Protector Drop Over Drop Trak Cable Ramp for Office Warehouse - Black"
101,$25.43 ,Research Book,Reference used to strengthen interchangeability/traceability practices and batch/serial governance; operating training expense. Name: The Essential Guide to Part Re-Identification: Unleash the Power of Interchangeability and Traceability (The Future of Configuration Management)
102,$15.89 ,Extension Cord ,"Power distribution with surge/noise protection to stabilize voltage and prevent brownout-related interruptions. 10 ft - Long Power Strip Surge Protector, 6 AC Outlet 4 USB (2 USB C), Flat Plug, Wall Mount, Multi Plug Outlet Extender Desk Charging Station for Home Office Dorm Room Essentials"
103,$10.59 ,9V AC Adapter Power Supply Charger ,"Long-life power supply for the label maker to avoid batteries and ensure uninterrupted labeling operations across periods. For Brother P-Touch PT-D210 PTD220 PTH110 PT-1880 Label Makers Machine AD-24 AD-24ES AD-20 AD-30, for Dymo LabelManager LM160 LM450 LM400 LT-100H"
104,$50.88 ,Heavy Duty Anti Vibration Pad Sound Absorbing Mat ,"Reusable damping pad that reduces vibration during engraving/cutting of planks for tighter dimensional accuracy. Goodhoily, 24"" x 24"", 3/5"" Goodhoily 2 Pack, Rubber Vibration Pad for Washer, Dryer, Audio Equipment, Strength Training Equipment Mat"
105,$56.18 ,Heavy Duty Anti Vibration Pad Sound Absorbing Mat ,"Reusable pads that damp laser/CNC vibration on dowels and planks to improve dimensional accuracy during engraving/cutting. 19.7 x 19.7 Inc , Goodhoily 2 Pack, Rubber Vibration Pad for Washer, Dryer, Audio Equipment, Strength Training Equipment Mat"
106,$9.53 ,Utility Knife,"Shop knife to open packages and break down cartons; blades are consumed in routine operations. Retractable All Metal Heavy Duty Box Cutter, Quick Change Blade Razor Knife, with 10 Extra Blades, WORKPRO, Premium "
107,$22.25 ,Energy Monitoring Smart Plug,"Monitors machine energy use and schedules loads; durable monitoring device used continuously. Emporia WiFi Smart Outlet Plug Works with Alexa and Google Home - 15a WiFi Outlet with Timer, Mobile App, Home Energy Monitor, Scheduling - 2.4ghz WiFi Only (2 Pack)"
108,$17.16 ,Label Tape,"Consumable laminated tape to produce durable bin/drawer/equipment labels for fast identification.  Labelife 5-Pack TZe-221, TZe, TZ, Tape, 9mm, 0.35 Laminated White Label Tape, Replace for Brother P Touch 9mm Label Maker Tape TZe221 for Brother PT-D210 PT-D220 PT-D200 PT-H110 PT-D400 PT-D610BT"
109,$58.29 ,Portable Label Maker Bundle,"Durable labeling tool enabling multi-year production of standardized labels for parts, bins, and fixtures. Brother P-Touch, PTH110BP, Easy , (4 Label Tapes Included), White, Small"
110,$294.44 , Electronic compact balance ,"Precision scale for shellac mass measurements to support costing, lead-time, and finish planning.  EJ-123 AND 120g x 1mg Readability, draft shield standard"
111,$264.99 ,Bin Rack,"Long-lived storage infrastructure that organizes inventory for rapid retrieval and traceability.  Solid Steel Wire Shelving Storage Unit, Patented Organizer for Garage, Warehouse, Office, Restaurant, Classroom, Kitchen, Gray, Includes 21 Bins, Seville Classics Heavy Duty NSF "
112,$10.58 ,Microfiber Cleaning Cloth,"Low-cost wipes to keep steamer/benchtop dry and prevent shorting; consumed in cleaning. MagicFiber, 6 Pack - Premium Cloth for Glasses, Lens, Screens & More"
113,$63.59 ,Electric Air Blower,"Reusable blower to clear laser honeycomb bed and alignment gauges, maintaining cleanliness for precise engraving. Compressed Air Duster-4 Gear Adjustable 200,000RPM Storm, Rechargeable Cordless Cleaner for Keyboard, PC, Electric Devices Cleaning, Replace Canned Air Compressed Air Cans - Black"
114,$146.27 ,Cordless Handheld Vacuum,"Durable vacuum for ongoing work-area maintenance—removes dust/debris/liquids to protect equipment. DEWALT 20V Vacuum, HEPA, Battery Not Included (DCV501HB)"
115,$154.75 ,Machinists' Level,"Precision alignment tool to level rotary roller and laser X-axis, reducing engraving error.  Starrett, Ground and Graduated Main Vial - Ideal for Machine Shop and Tool Room Use - 4"" (100mm) Length, Without Case and Cross Test Vial - 98-4"
116,$22.25 ,Ridgid Shop Vac Filter,"Replacement filters consumed during routine vacuum maintenance to retain suction and air quality. 2-Pack VF3500, 4 Gallon 4.5/3 Gal Wet Dry Vacuums, 3-Layer Replacement Filter Compatible with Ridgid Portable Vacuum WD3050, WD4070, WD4080, WD4522, 4000RV, 4500RV"
117,$237.55 ,Chop and Miter Saw,"Capital tool for precision cutting of keystone dowels; compact footprint for controlled, low-waste cuts.  PROXXON, KGS 80, 37160 , Green"
118,$20.51 ,Crosscut saw blade,"Wear part for the miter saw; consumable cutting tooling replaced as needed. Proxxon 28731,  Super-Cut for FKS/E, FET & KGS 80, 80 teeth, Silver"
119,$8.47 ,Christmas Ornament Hooks ,"Low-cost hangers used during shellac dipping/finishing to suspend ribs for even coating and drip-off. Elevate Essentials Silver, Ornament Hangers - Large 2.5 inch 200ct"
120,$174.89 ,Calibration Weight Kit,"Durable calibration standards for the precision balance to ensure accurate shellac mass logging. Goetland Certificated F1 Scale,  Set 25 pcs 1mg-1kg Stainless Steel High Precision for Balance Digital Scale Lab Education "
121,$15.89 ,Calibration Weight Kit,"Same—reusable standards to routinely verify balance accuracy over a wide range. Fuzion, 210g, M1 Class 9 PCS Stainless Steel Scale Calibration Weight Kit, 1g 2g 5g 10g 20g 50g 100g Calibration Weight with Storage Box, Tweezers for Digital Scale, Gram Scale"
122,$159.00 ,Electronic toploading balance (returned - no longer used),"Production scale used continuously to plan shellac consumption and finishing takt. A&D Engineering EJ-200 Newton Compact, LCD Display, 110mm Pan, +/-0.01g Linearity, 210g Capacity, 0.01g Readability"
123,$62.52 ,Granite Surface Plate,"Long-life inspection reference for straightness/flatness checks of dowels and alignment tools. WOODRIVER, 6"" x 18"" x 2"" A Grade"
124,$42.39 ,Ring Indoor Cam,"Long-lived security camera for studio access monitoring; supports protection of assets. (2nd Gen), latest generation, 2023 release, 1080p HD Video & Color Night Vision, Two-Way Talk, and Manual Audio & Video Privacy Cover, Black"
125,$9.00 ,USB Fan,"Durable enclosure fan directing airflow toward exhaust in laser cabinet to aid particulate removal. Gaiatop  5.5 Inch Small Quiet Powerful 3 Speeds 90° Rotate, Personal Mini Portable Desktop Table Fans, Cooling for Home Office Car Travel Indoor Outdoor, Black, Desk "
126,$26.69 ,"Wood Dowel Rods, Walnut","Raw stock consumed to machine keystones/bonding cores with precise perpendicularity and low runout. 36"" x 1"""
127,$15.88 ,"Wood Dowel Rods, Walnut","Same—consumable dowel stock for smaller keystone geometries. 36"" x 1/2"""
128,$17.80 ,"Wood Dowel Rods, Walnut","Same—consumable dowel stock sized for alternate keystone variants. 36"" x 3/4"""
129,$37.09 ,Wireless Keyboard and Mouse ,"Reusable computer peripherals for ergonomic data entry and design control; multi-year workstation asset. Logitech MK335, Combo - Black/Silver"
130,$413.39 ,Rolling Cabinet Workbench Table,"Durable mobile workstation/storage that stages tools and parts; supports shaping/assembly over many periods. Seville Classics UltraHD Heavy Duty   w/Solid Wood Top Workstation for Garage, Office, Workshop, 6-Drawer (28"" W x 25"" D), Granite"
131,$68.89 ,Mini Miter Cut-Off Chop Saw,"Capital cutting tool for repeatable, precise keystone/stock cuts; enables tight tolerances over time.  JOUNJIP, Hobby Miniature Model Making, Arrow Shafts, Zinc Stained Glass Came, 223/5.56 Brass - Cuts Max. 1/2""High x 1/2""Wide or 1/4""H x 3/4""W"
132,$190.79 ,Rotary Chuck,"Long-life engraving accessory to index/rotate cylindrical fixtures so rib engraves align accurately.  SCULPFUN RA Pro, Laser Engraver, 3 in 1 Multi-function Laser Rotary Module with 180° Adjustable Angle, Y-axis Jaw Chuck Rotary for Engraving Cylindrical Objects,Tumbler, Ring"
133,$14.82 ,USB Fan,"Dedicated airflow assist inside laser enclosure to guide particulates toward exhaust; durable accessory tied to enclosure.  Mini but Powerful, Portable with 3 Speeds, Quiet Table Personal Fan, 360 Rotate Coolness, Small for Home, Office, Bedroom, Desktop, Travel, USB Powered, Black, Desk "
134,$10.59 ,Adhesive Socket Holder,"Low-cost mounting supplies to secure power adapters inside enclosures; consumed as shop supplies. Punch-Free, 10Pcs Power Stirp Holder and 40Pcs Cable Clips Kit, Self-Adhesive Power Strip Holder Wall Mount-Space-Saving and Easy to Install"
135,$14.83 ,Fire Blanket,"Safety equipment kept on hand for material-fueled fires; ongoing usefulness. 2025 Emergency, Fire Extinguisher Blanket, Fire Suppression Blanket, Flame Retardant Blanket Fire Safety Blanket for Home, Kitchen, School, Grill, Car, Office, Warehouse(40"" x 40"")"
136,$24.38 ,Dishcloth Hanger,"Reusable hardware used in drying stages before shaker-bar approach; supports part handling. Yamazaki Home Tower, Steel"
137,$10.47 , USB 2.0 Hi-Speed A/B Cable,"Inexpensive, replaceable cable enabling direct measurement logging; reduces manual entry errors. Tripp Lite,  Ferrite Chokes (M/M) 3-ft. (U023-003)"
138,$21.19 ,Powered USB Hub,"Durable electronics/power accessory to run enclosure vibrators continuously. RSHTECH 4 Port USB 3.0 Hub Splitter Portable Aluminum USB Data Hub Expander with Individual On/Off Switch and Universal 5V AC Adapter, 3.3ft USB 3.0 Cable (RSH-516)"
139,$15.77 ,"Wood Sheets Thin Lumber,  Walnut ",Direct material stock laser-cut into serialized ribs; fully consumed into product (COGS). Black Dark Unfinished Board for Crafts - Pack of 5 by Craftiff
140,$6.07 ,600 grit Sand paper,"Consumable abrasive for hand touch-ups during processing. 3M, Wet or dry, 9 in. x 11 inch, 600 Grit, Ultra Fine, 5 Sheets/Pack"
141,$9.53 ,2000 Grit Sand paper,"Very-fine consumable abrasive to smooth dried shellac for a professional finish. 12Pcs Wet or Dry Sandpaper Assortment Sandpaper for Wood Metal Furniture Hand Sander Sand Paper Set Sandpaper Sheets Cut for Use 9"" x 11""/12 Sheets"
142,$116.49 ,Air Assist Kit,"Long-life laser accessory providing adjustable airflow; cleaner cuts and lens clarity. SCULPFUN S9, Clean Cut Engraving, High Speed Full Metal Air Assist with 2M Air Pipe, 30L/min Adjustable High Speed Airflow, for S9 Laser Engraver Perfect Upgrade S10 Set"
143,$15.74 , AC/DC Adapter Charger ,"Replacement power supply restoring receipt-scanning capability for records. SupplySource, Epson Workforce ES-200 ES-300W ES-300WR Power Supply"
144,$317.99 ,10W Laser Engraver,"Major production engraver/cutter; multi-year precision equipment for wood/plastic.SCULPFUN S9 Pro,  0.06mm High Precision Laser Engraving Machine, Up to 20mm Wood 15mm Acrylic Laser Cutter, Laser Engraver Machine for Wood Metal Acrylic Leather"
145,$40.27 ,De-Waxed Blonde Shellac Flakes,Finishing material consumed to make coating solution for ribs.  1 lb. (16oz.)
146,$13.99 ,99% Isopropyl Alcohol,Consumable solvent used to clean brushes and condition finish between coats. USP Grade - 99 Percent Concentrated Rubbing Alcohol (1 Liter / 33.8 Oz)
147,$63.59 ,Rock Tumbler Machine,"Durable mixer used to dissolve shellac flakes uniformly into 99% IPA. Leegol Electric, Single Drum 3LB Rock Polisher (Single Barrel),"
148,$18.01 ,White Knit Cotton T-Shirt Cloth Wiping Rags,"Disposable filter/cleanup cloths for shellac solution preparation; consumed in use.  SupremePlus Premium, Shop Cleaning Tshirt Cloths in, Staining & Finishing Rag for Auto, Grease, Paint & Wood (1 Pound Bag)"
149,$413.39 ,Rolling Cabinet Workbench Table,"Long-life workstation/furniture for staging tools/materials across production stages. Seville Classics UltraHD Heavy Duty w/Solid Wood Top Workstation for Garage, Office, Workshop, 6-Drawer (28"" W x 25"" D), Granite"
150,$74.19 ,Honeycomb Laser Bed,"Long-life table/fixture improving cut quality and heat dissipation; protects base table. SCULPFUN, Honeycomb Working Table 400x400x22mm for CO2 or Diode Cutting Machine, for Smooth Edge Cutting, Fast Heat Dissipation, Table-Protecting"
151,$27.02 ,Ink Cartridges Set,"Printing consumables used in routine business/record tasks. Brother Printer LC30113PKS 3-Pack, Standard, Up To 200 Pages/Cartridge LC3011 Ink, Cyan/Magenta/Yellow"
152,$23.29 ,Paper Cutter,"Reusable office/records tool to trim SOPs, labels, and documentation to standard sizes.  Paper Slicer with Safety Guard and Blade Lock, 12"" Cut Length Guillotine Paper Cutter with 16 Sheet Capacity, Paper Cutters and Trimmers for Cardstock Cardboard (Gray)"
153,$22.25 ,Vacuum Sealer Rolls,"Packaging/processing supplies once used for controlled heating; now consumed/retired from process. EverFresh 11"" x 25', Vacuum Sealer Bags-Vacuum Sealer Machine-Food Sealer Bag-Rolls Compatible with FoodSaver Machines-4 Pack-15% thicker embossing than leading supplier."
154,$7.41 ,Twist Cable Cord Wire Ties ,"Low-cost, adjustable fasteners to stabilize ribs during dipping for even coating; consumed. Sunmns 250 Piece  Reusable Fastening (6 Inch, White)"
155,$23.31 ,Cleco Fasteners ,"Reusable shaping fixtures for precise, even pressure on ribs; long service life. Metal Magery 1"" Heavy Duty Side Grip, Clamp Set of 5"
156,$12.67 ,Cleco Plier with Vinyl Grips,Durable hand tool to actuate Clecos with controlled clamping force.
157,$9.53 ,USB Wall Charger ,"Reusable power accessories that energize ring lights/phone mounts where USB is absent. USB Plug, , 3 Pack, GiGreen Dual Port USB Electrical Plug Cube 5V 2.1A Charging Block USB Outlet Plugs Compatible iPhone 15 14 13 12 11 X 8,Samsung S24 S23 S20 S10 S9 S8 Note 20,LG,Moto"
158,$10.59 ,Silica Gel Packs,"Consumable desiccants trialed for accelerated drying; no enduring value and not capitalized.  150 Pcs 2 Gram Moisture Absorbers, Silica Gel Desiccant Packs for Storage, Silica Gel Packets Food Grade Orange to Green Indicating for Moisture"
159,$25.43 ,Square Blocking Board,"Reusable alignment jig for 3D-printed molds; reduces misalignment/rework.  13"" Crochet Board for Crocheting with 15 Stainless Steel Rods, Crochet Blocking Board with Pegs"
160,$5.83 ,Protractor Angle Finder,"Durable grain-direction/angle checker for material selection and QC. CUTHARD Stainless Steel 180 Degree, Rotary Measuring Ruler Silver"
161,$190.79 ,3D Printer Table,"Dedicated workstation improving access, staging, and flow long-term.  40 PCS Filament Storage, Rolling 3D Printer Stand Workstation Desk Cart Rack, 3D Printer Accessories for 3D Printing Studio Home Office Workshop"
162,$15.89 ,Bar Clamps,"Reusable clamps/fixtures providing controlled pressure during ornament shaping. LISHINE 4 Inch Clamps for Woodworking, 8 Pack Quick Grip Clamps Trigger Clamp One Handed Ratchet Clamp, Mini Small Bar Clamp for Craft"
163,$5.84 ,Applicator,Low-cost brush used to smooth/apply shellac during finishing. Titebond 16330 TiteBrush 
164,$13.35 ,Digital Thermometer,"Reusable instrument for precise water-bath/steam setpoint control. Waterproof Instant Read Food Thermometer for Cooking and Grilling, Kitchen Gadgets, Accessories with Backlight & Calibration for Candy, BBQ Grill, Liquids, Beef, Turkey"
165,$31.59 ,Digital Moisture Meter,"Durable tester to verify rib moisture before/after heat. General Tools MMD4E, Water Leak Detector, Moisture Tester, Pin Type, Backlit LCD Display With Audible and Visual High-Medium-Low Moisture Content Alerts, Grays"
166,$9.32 ,Digital Hygrometer,"Environmental monitor to track temp/RH affecting soak/dry. ThermoPro TP49, Indoor Thermometer Humidity Meter Room Thermometer with Temperature and Humidity Monitor Mini Hygrometer Thermometer"
167,$15.85 ,Inlay Templates,"Reusable templates to check/standardize bend radii and curvature. inBovoga 4 Pcs Circle, Router Jig and Templates for Woodworking, Router Jig Template Decorative"
168,$23.32 ,Work Gloves,"PPE for safe handling of hot containers/parts; consumed over time. Wonder Grip WG338L Insulated Double-Dipped Incredibly Comfortable, Latex Coated Water Resistance, Black Palm, Large, Orange"
169,$15.85 ,Epoxy Adhesive,"Fast-cure adhesive consumed during bond-up of ribs/keystone. System Three Quick Cure 15, Cartridge, 50ml"
170,$74.19 ,Ring Light,"Adjustable inspection/recording light to standardize photo/record quality for QC and documentation. Evershop , Has Stand Overhead Camera Mount Phone Holder,10"" Ring Light Tripod for iPhone,Circle Led Selfie Light Halo Light for Video Recording,Photography,Streaming,Vlog,TikTok,YouTube"
171,$35.23 ,Baby Sleep Soother,"Repurposed device providing mechanical vibration for leveling/drip-off.  3 Vibration Intensities and 3 Vibration Modes,Type-C Fast Charging 1 Hour Cut-Off Timer"
172,$49.38 ,PLA Basic Jade White (1 kg),Printing material consumed to make molds/fixtures.
173,$309.12 ,Bambu Lab A1 3D Printer - A1,"Major asset to fabricate custom tooling, brackets, and jigs."
174,$51.12 ,PLA Matte - Matte Ivory White (11100) / Filament with spool / 1kg,Printing material consumed to make molds/fixtures.
175,$44.33 ,Bambu Smooth PEI Plate with Glue - X1 Series/P1 Series/A1 / Glue Stick,Reusable build-surface accessory improving print reliability.
176,$58.08 ,Maple Wood Strips,"Research/production stock consumed in bending trials.  5 Pieces 1/16"" x 1/4"" x 18"" Long Crafts Models Miniatures"
177,$51.10 ,"Wood Strips, Walnut","Consumable test stock for bending/parameter discovery. x10 1/16"" x 1/4 x 6"" Long Crafts Models Miniatures"
178,$42.93 ,"Wood Sheets Thin Lumber,  Walnut ","Raw sheet used/consumed in early trials.  1/16"""" x 3"""" x 12"""" long Sanded Kiln Dried Woodworking"""
179,$84.79 ,Compact Router Table ,"Durable flat work surface enabling safe edge-profiling. Mini Palm / Trim Router Benchtop, Multiple Brands, Dewalt, Milwaukee, Makita, Ryobi, Ridgid, Bosch, Hurcules, Bauer,"
180,$370.99 ,Tripod Standing Desk Pro,Reusable furniture improving ergonomics and mobile data capture.
181,$129.99 ,SCULPFUN B1 Enclosure For Laser,Long-life enclosure/venting infrastructure for particulates.
182,$69.99 ,SCULPFUN Laser Rotary Roller For,Durable accessory to rotate parts for cylindrical engraving.
183,$84.84 ,Workbench Mount Kit for Boom Arm,Permanent mounting fixture for dust-extraction boom.
184,$99.59 ,Mini Benchtop Drill Press,Long-lived production tool for keyed bores/keystone prep.
185,$229.99 ,7-Tier NSF 22-Bin Rack,Storage fixture organizing consumables/parts with ongoing benefit.
186,$19.95 ,"Wood Turning Blank Squares, Walnut ","Raw stock consumed to make precision dowels/keystones. 1"" x 1"" (4 Pcs)"
187,$0.00 ,Adjustable Height Workbench,"Stable workstation improving accuracy, ergonomics, and safety."
188,$0.00 ,Bench Top Mini Cut-off Saw,Long-life cutting tool for precise small-stock cuts.
189,$0.00 ,Broom,Low-cost cleaning supply for debris removal between cycles.
190,$0.00 ,Cable Ties,Disposable organizers for cables/hoses; reduce hazards/downtime.
191,$9.84 ,Clear Gorilla Glue 3.75 oz,Adhesive consumed for rib-to-keystone bonds on sealed surfaces.
192,$0.00 ,Collapsible Outdoor Utility Wagon,Reusable material-handling aid for inbound/outbound moves.
193,$0.00 ,Deluxe Wiring Kit,Reusable specialty kit to prepare hanging wires for dipping.
194,$25.00 ,Digital Caliper,Durable precision gage for L/W/H checks across stages.
195,$5.00 ,Dipping Bowl (obsolete),Low-cost process aid for controlled water application during glue-up.
196,$1.69 ,Distilled Water,Consumable process fluid for soak/heat; prevents mineral contamination.
197,$0.00 ,Dual Laptop Monitor Extender,Reusable accessory expanding workstation display area.
198,$5.00 ,Dual-Angle Sanding Sponge,Abrasive consumable for refining dried shellac on curves.
199,$0.00 ,Z-Twist Red Hybrid Disposable Earplugs,Disposable PPE to protect hearing during cutting/drilling; reduces fatigue.
200,$0.00 ,FreeCAD,Parametric modeling used early for mold/jig design; now superseded.
201,$5.00 ,Funnel,Low-cost process aid to return distilled water to storage without contamination.
202,$0.00 ,Gage Blocks,Reusable calibration standards to verify digital caliper accuracy.
203,$0.00 ,GitHub,Version control for design/docs/data; centralized traceability.
204,$0.00 ,Glue Stick,Consumable adhesion layer improving 3D-print first-layer reliability.
205,$5.00 ,Imperial Precision Intersection X-Y Ruler Marker,Durable measuring/marking tool for quick defect ID and layout.
206,$119.88 ,Indoor Camera subscription,Long-life camera for security/situational awareness of workspace.
207,$0.00 ,Labels,"Consumables to identify jars, drawers, solutions; supports traceability."
208,$0.00 ,Laptop 2 (Obsolete),Computer used with inspection tools; now aging but capital hardware.
209,$0.00 ,Laptop Link Cable for MetaQuest 3,Reusable high-speed tether enabling AR/VR design sessions.
210,$0.00 ,Letter Printer Paper,Office consumable for maintenance/records printouts.
211,$99.00 ,LightBurn Software License Key,Enduring production software enabling precise laser operations. License key
212,$5.00 ,Liquid Dropper (used),Minor tool once used for moisture dosing; now retired.
213,$5.35 ,Lithium Battery,Button cells consumed by gauges for precision measurement. Package comes with 2. CR2032
214,$0.00 ,MetaQuest 3,AR/VR hardware to visualize and refine printable mold designs.
215,$35.00 ,Mighty Scope,Long-life microscope for detailed surface/defect inspections.
216,$0.00 ,Miniature Cutters,Reusable hand tools to trim zip ties/filament; general utility.
217,$0.00 ,Nestable Crate,Reusable containers to stage/transport ribs between operations.
218,$0.00 ,Office Organizer,Durable desk organizer improving access to small supplies.
219,$0.00 ,Paraffin Wax,Material consumed to cast slip formers for shaping support.
220,$0.00 ,Pencils,Low-cost marking consumables for orientation and cut lines.
221,$5.00 ,"Pliers, Long Needle Nose",Durable tool for holding ribs during shellac smoothing.
222,$79.95 ,Light Spring Scale,Instrument to quantify bond strength (tensile force) for adhesive tests.
223,$21.25 ,Desktop Punch,"Long-life office tool to archive maintenance instructions, procedures and records.3 Hole Punch with Ergonomic Handle, 30 Sheet Capacity, Blac"
224,$5.00 ,Refillable College Ruled Notebook,Consumable for maintenance logs/troubleshooting notes.
225,$100.00 ,Rolling Whiteboard,Reusable collaboration board for planning and workflows.
226,$25.00 ,Dremel 2050-15 Stylo+ Versatile Craft Rotary Tool (Used),Power tool for serialization and pilot holes prior to dipping.
227,$5.00 ,Safety Goggles,Disposable/low-cost PPE protecting eyes during cutting/cleanup.
228,$5.00 ,Scissors,Low-cost hand tool for labels/templates and misc. trimming.
229,$0.00 ,Sealable Container,Reusable vessel enabling high-temp soak/conditioning.
230,$400.00 ,Solidworks Connected License,Subscription CAD for advanced parametric jig/form design.
231,$15.00 ,Soux Vide Precision Cooker Tub,Durable vessel to hold water for heat/steam conditioning.
232,$50.00 ,Soux Vide Precision Heater,Long-life heater maintaining 197.6°F for uniform softening.
233,$228.44 ,Steam Generator,Capital equipment producing steam for plasticization.
234,$5.00 ,Tall Kitchen Bags,Disposable liners for waste collection/removal.
235,$5.00 ,Ultra Fine Permanent Marker,Low-cost labeling pen for jars/tools/areas.
236,$21.99 ,Vacuum Sealer (Obsolete),Initially for moisture retention; removed from process.
237,$0.00 ,Watch,Durable timing instrument for process start/stop tracking.
238,$5.00 ,Whiteboard Markers,Consumable markers for rolling whiteboard.
239,$5.00 ,Windex,Cleaning consumable to maintain whiteboard usability.
240,$5.00 ,Wrench,Durable hand tool for laser Y-axis eccentric nut adjustment.
241,$29.99 ,Large Grey Bin,Reusable bin for organizing materials/components.
242,$8.98 ,Square Paint Brush,Finishing brush; replaced as worn during shellac work.
243,$154.75 ,Klein Tools Digital Electronic Level,Precision level for rotary roller/laser X-axis alignment.
244,$100.00 ,LLM (Claude),Paid AI service to accelerate analysis/drafting.
245,$476.00 ,Fusion 360 -Autodesk,Annual CAD/CAM subscription for jigs/fixtures and models.
246,$240.00 ,LLM (ChatGPT),Paid AI service to accelerate analysis/drafting.
247,$52.99 , ADOBE  408-536-6000,Adobe subscription expense for creative/design tooling.
248,$116.49 ,Microsoft 365 ,SaaS productivity suite for documents/sheets/mail. (current rate)
249,$7.41 ,Microsoft 365 (1 month rate),SaaS productivity suite for documents/sheets/mail. (prior rate)
250,$258.38 ,Workbench,"Durable adjustable bench supporting shop tasks. Seville Classics UltraHD Adjustable Height 48"" W x 24"" D x 28.5"" - 42"" H"
251,$161.97 ,Substance 3D Collection,Adobe 3D/VR design subscription for jig/fixture experiments.
252,$130.78 ,Substance 3D Collection,Same—subscription used for VR-assisted design.
253,$200.00 ,"CC_S01: ShopSabre CNC Sign-off (Nova Labs, 3850 Jermantown Rd, Fairfax VA (Classrom 1 & CNC Shop",Training/sign-off fee to access makerspace CNC.
254,$25.00 ,NovaLabs Membership Application Fee,Administrative/membership operating fee.
255,$119.70 ,"Wood Dowel Rods, Walnut","I purchased the wooden dowels to cut into shorter lengths to produce keystones which assemble the ornamental ribs. The wooden dowel is milled on a CNC into a dimensionally accurate design. 7/8"" x 36"""
256,$5.00 ,Tape measure,I purchased a tape measure to mark off dimensions.
257,$175.00 ,INCOSE Annual Membership,I access Innoslate through this membership and my affiliation.
258,"$1,659.99 ",Alienware Laptop,"All my administrative, design, bill paying needs."
259,$209.99 ,Rolling Workstation,UltraHD®  - Granite
260,$179.99 ,2-Drawer Rolling Cabinet,UltraHD®  - Granite
261,$279.99 ,Rolling Storage Cabinet,UltraHD®  - Granite
262,$269.99 ,Rolling Cabinets,UltraHD®  - Granite Gray / 3-Drawer
263,$179.00 ,7-Tier NSF 12-Bin Rack,
264,$26.49 ,Electric  Kettle,I use this to boil water during the moisture functional process.  The hot water is measured for 190 degrees.  I place the ornamental ribs in the water for approximately 30 minutes.
265,$240.00 ,"WW_S02: Planer, Jointer, Thickness Sander (Materials Prep) Sign-off (Nova Labs)",Training expense to qualify on material-prep machines.
266,$960.00 ,NOVA Labs Membership,Enable facility access and equipment authorization. 
267,$90.00 ,"Air-Dried lumber, Black Walnut",Source air-dried black walnut from trusted local supplier. 18 feet of lumber at $5 a foot. 4 ornaments can be produced per foot.
268,$7.70 ,Vehicle Mileage (11 mi RT),Transport raw lumber to facility and finished planks home
269,$345.00 ,Rent (15% of 800 square feet),Overall facility support systems and operational infrastructure
270,$309.12 ,Bambu Lab A1 3D Printer - A1,"Major asset to fabricate custom tooling, brackets, and jigs."
271,$5.00 ,Coffee filters/Strainers,I purchased to strain shellac residue from the shellac mixture.
272,$5.00 ,Hang Tags,I purchased these to add my business name to them and hang from my product.
273,$5.00 ,Eyelet Screws,Hanger mechanism that screws into the keystone. It secures the ornament hanger.
274,$84.84 ,Workbench Mount Kit for Boom Arm,I use this to elevate a cylidrical channel over a targeted area.  It is part of a vacuum system I have installed for each custom made enclosure.
275,$15.37 ,1.5-Inch Schedule 40 Furniture Grade PVC Pipe (2-foot section),I use this pipe to reconfigure my MULLET Dust Cyclone for a new vacuum (StealthShopVac)
276,$3.05 ,Galvanized flat washer(1/4),I purchased galvanized flat washers as part of an install for an extension shelf on a rolling cabinet to allow for a laser engraver and cutter enclosure to have sufficient space.
277,$12.16 ,Pan head screws #8 x 1/2 (100 pc),I purchased pan head screws as part of an install for an extension shelf on a rolling cabinet to allow  for a laser engraver and cutter enclosure to have sufficient space.
278,$24.35 ,"12"" crescent wrench, V-jaw",I purchased this crescent wrench to apply torque with sufficient leverage. 
279,$7.92 ,"Shockwave 3-1/2"" T25 Bit2 Pk",I purchased this to match the set of construction screws I purchased as part of an install for an extension shelf on a rolling cabinet to allow  for a laser engraver and cutter enclosure to have sufficient space.
280,$11.11 ,"1-5/8"" Construction screw 1 lb",I purchased these screws to install 3D printed brackets as part of an install for an extension shelf on a rolling cabinet to allow  for a laser engraver and cutter enclosure to have sufficient space.
281,$16.63 ,1x8 Poplar Board ,I purchased the board to serve as the shelving unit as part of an install for an extension shelf on a rolling cabinet to allow  for a laser engraver and cutter enclosure to have sufficient space.
282,$39.21 ,1x12 Poplar Board ,I purchased the board to serve as the shelving unit as part of an install for an extension shelf on a rolling cabinet to allow  for a laser engraver and cutter enclosure to have sufficient space.
283,$21.17 ,"Snap-lock 3/8"" mandrel",I purchased the DIABLO mandrel to secure the bi-metal hole saw that is used to put the proper size hole in the poplar board that extends the tabletop of a rolling cabinet to allow for a large laser engraver and cutter enclosure to create sufficient surface area. The  hole was for a fan that is part of a vacuum system. 
284,$19.05 ,"3"" B i-Metal Hole Saw",I purchased the DIABLO hole saw to put the proper size hole in the board that serves as the shelving unit that extends the tabletop off a rolling cabinet to allow for a laser engraver and cutter enclosure  to create sufficient surface area. The  hole was for a fan that is part of a vacuum system. 
285,$23.99 ,Leopardwood 1/4 x 5 x 24,I purchased this exotic wood to steam bend into an exotic woodform. I had to process the wood to get it to theproper thickness at NovaLabs Makerspace. This is a demo of a high-end steambent wood form.
286,$27.83 ,Zebrawood 1/4 x 5 x 25,I purchased this exotic wood to steam bend into an exotic woodform. I had to process the wood to get it to theproper thickness at NovaLabs Makerspace. This is a demo of a high-end steambent wood form.
287,$26.87 ,Wenge 1/4 x 5 x 26,I purchased this exotic wood to steam bend into an exotic woodform. I had to process the wood to get it to theproper thickness at NovaLabs Makerspace. This is a demo of a high-end steambent wood form.
288,$21.11 ,Padauk 1/4 x 5 x 27,I purchased this exotic wood to steam bend into an exotic woodform. I had to process the wood to get it to theproper thickness at NovaLabs Makerspace. This is a demo of a high-end steambent wood form.
289,$14.39 ,Cherry 1/4 x 5 x 28,I purchased this exotic wood to steam bend into an exotic woodform. I had to process the wood to get it to theproper thickness at NovaLabs Makerspace. This is a demo of a high-end steambent wood form.
290,$15.35 ,Oak White 1/4 x 5 x 29,I purchased this exotic wood to steam bend into an exotic woodform. I had to process the wood to get it to theproper thickness at NovaLabs Makerspace. This is a demo of a high-end steambent wood form.
291,$16.19 ,Mahogany 1/4 x 5 x 30,I purchased this exotic wood to steam bend into an exotic woodform. I had to process the wood to get it to theproper thickness at NovaLabs Makerspace. This is a demo of a high-end steambent wood form.
292,$1.56 ,Machine screw zinc comb #10-32,I purchased these screws to install a fan into the poplar  board that serves as the shelving unit as part of an install to extend the tabletop off a rolling cabinet to allow for a laser engraver and cutter to create sufficient surface area.. The  hole was for a fan that is part of a vacuum system.  
293,$52.98 ,"24"" x 36"" x .177"" Clear Acrylic Green Edge Sheet",I purchased this and cut to a window frame size piece that separates the external environment from my apartment interior.  I cut a hole in the acrylic to accept a hose that connects to a fan on the shelf extension of a rolling cabinet. The hose interfaces with fan on one size that draws out  the  smoke generated from laser engraving and the other end of the hose is connected to the hole cut into the acrylic sheet that acts as a barrier between the outside (for  venting) and the interior of my apartment.  The laser engraver enclosure contains the smoke particulates and the fan evacuates the smoke particulates.
294,$3.73 ,"3/4"" PVC Pipe",I purchased this first set of PVC pipe to use as part of the shaker bar assembly I designed to vibrate shellac off of the walnet ornamental ribs during the drying process. These hangars ran horizontally down the depth of the custom enclosures. I 3D printed mounting adapters that the PVC pipes were inserted into. The hangars supported the weight of the ornamental ribs that were hung from them and transferred vibration from the electro-mechanical vibrators I extracted from the baby sleeper pillows.
295,$46.53 ,"3/4"" side outlet 90 degree socket",I purchased this socket to use as part of the shaker bar assembly I designed to vibrate shellac off of the walnet ornamental ribs during the drying process. These sockets enable the hangars to be supported horizontall. I 3D printed mounting adapters that the PVC pipes were inserted into through these sockets. The hangars supported the weight of the ornamental ribs that were hung from them and transferred vibration from the electro-mechanical vibrators I extracted from the baby sleeper pillows.
296,$2.24 ,"3/4"" PVC Pipe",I purchased this first set of PVC pipe to use as part of the shaker bar assembly I designed to vibrate shellac off of the walnet ornamental ribs during the drying process. These hangars ran horizontally down the depth of the custom enclosures. I 3D printed mounting adapters that the PVC pipes were inserted into. The hangars supported the weight of the ornamental ribs that were hung from them and transferred vibration from the electro-mechanical vibrators I extracted from the baby sleeper pillows.
297,$1.67 ,"3/4"" PVC L 90 degree socket",I purchased this socket to use as part of the shaker bar assembly I designed to vibrate shellac off of the walnet ornamental ribs during the drying process. These sockets enable the hangars to be supported horizontall. I 3D printed mounting adapters that the PVC pipes were inserted into through these sockets. The hangars supported the weight of the ornamental ribs that were hung from them and transferred vibration from the electro-mechanical vibrators I extracted from the baby sleeper pillows.
298,$1.82 ,"3/4"" PVC Tee socket",I purchased this socket to use as part of the shaker bar assembly I designed to vibrate shellac off of the walnet ornamental ribs during the drying process. These sockets enable the hangars to be supported horizontall. I 3D printed mounting adapters that the PVC pipes were inserted into through these sockets. The hangars supported the weight of the ornamental ribs that were hung from them and transferred vibration from the electro-mechanical vibrators I extracted from the baby sleeper pillows.
299,$1.67 ,"3/4"" PVC L 90 degree socket",I purchased this socket to use as part of the shaker bar assembly I designed to vibrate shellac off of the walnet ornamental ribs during the drying process. These sockets enable the hangars to be supported horizontall. I 3D printed mounting adapters that the PVC pipes were inserted into through these sockets. The hangars supported the weight of the ornamental ribs that were hung from them and transferred vibration from the electro-mechanical vibrators I extracted from the baby sleeper pillows.
300,$2.24 ,"3/4"" PVC Pipe",I purchased this first set of PVC pipe to use as part of the shaker bar assembly I designed to vibrate shellac off of the walnet ornamental ribs during the drying process. These hangars ran horizontally down the depth of the custom enclosures. I 3D printed mounting adapters that the PVC pipes were inserted into. The hangars supported the weight of the ornamental ribs that were hung from them and transferred vibration from the electro-mechanical vibrators I extracted from the baby sleeper pillows.
301,$4.65 ,"3/4"" side outlet 90 degree socket",I purchased this socket to use as part of the shaker bar assembly I designed to vibrate shellac off of the walnet ornamental ribs during the drying process. These sockets enable the hangars to be supported horizontall. I 3D printed mounting adapters that the PVC pipes were inserted into through these sockets. The hangars supported the weight of the ornamental ribs that were hung from them and transferred vibration from the electro-mechanical vibrators I extracted from the baby sleeper pillows.
302,$1.82 ,"3/4"" PVC Tee socket",I purchased this socket to use as part of the shaker bar assembly I designed to vibrate shellac off of the walnet ornamental ribs during the drying process. These sockets enable the hangars to be supported horizontall. I 3D printed mounting adapters that the PVC pipes were inserted into through these sockets. The hangars supported the weight of the ornamental ribs that were hung from them and transferred vibration from the electro-mechanical vibrators I extracted from the baby sleeper pillows.
303,$13.75 ,Squeegie,I purchased this to wipe the wood dust off of surfaces to help contain the accumulation of dust.
304,$8.46 ,Wood glue 8 oz,I purchased this wood glue to glue wood together and test for bond strength. Gorilla Ultimate wood glue is  designed to handle a couple of different types of material.
305,$13.76 ,Glue,I purchased this general glue to glue wood together and test for bond strength. Gorilla glue is  designed to handle a couple of different types of material.
306,$12.71 ,"Canning jar, large",I purchased this jar for storing shellac and preventing the shellac from hardening. It also doubled as the dipping container. They were not of sufficient size.
307,$10.59 ,"Canning jar, large",I purchased this jar for storing shellac and preventing the shellac from hardening. It also doubled as the dipping container. It was of sufficient size but would not allow for the dipping handle that held the ornamental rib much access.  
308,$7.94 ,Mesh basket,Multi purpose basket I use to store receipts made from in-store purchases for me to reconcile.
